id,V1,V2,V3,V4,V5,V6,V7,V8,V9,V10,V11,V12,V13,V14,V15,V16,V17,V18,V19,V20,V21,V22,V23,V24,V25,V26,V27,V28,Amount,Class
138028,1.088323646464946,-0.2529627015082182,0.2182838200285846,-0.3229550446071826,0.37792958617431,-0.2102552645011684,0.5763067149731361,-0.2165676694199284,0.4170779276374661,0.3714058314553405,-0.8208672755793196,0.4885324253128035,0.1625429847121862,0.2629628336562056,1.1311765023466134,0.9001642405695791,0.6759966687231103,0.5254139908586065,-0.3322523220613807,-0.2226041582252417,-0.1721964252967708,-0.4262969593034217,-0.1655245899760259,-0.3323683644948919,0.9903224282758752,0.8681783322593389,-0.2767020085585499,-0.0234940674358034,17540.44,0
63099,-0.1012517658195349,-0.0743600548848709,1.014614588046593,-0.3314459589305742,0.3424352802208135,0.2892949814287637,0.6187396613034888,-0.1206886549698282,0.0848536682729459,0.673623667967361,-0.1818300884954458,0.9681135788869994,0.017912250122352,1.0650493138504666,0.3680364209109518,0.4584944495485473,0.2902703347724267,0.8773233084783143,0.4910717988270792,-0.2465870576060467,-0.0229279223085554,0.5102932738086997,-0.1165897211959353,0.0631736624290857,-0.4780590135223829,-0.9190273618551182,-0.6575861032081346,-0.3734868402106395,504.92,0
73411,0.0382800565219163,-0.530361004368978,1.1764222492872085,-1.3666405576829606,0.0298196249424707,0.4809886008343999,0.219695046770921,-0.1586445932210179,-0.7099012572464058,1.790806714823654,-0.2962917549454902,0.3038520579954845,1.1895168435447978,0.5368843296769953,0.683632841406599,0.0891582955592601,0.6369117214146875,1.1497097367049205,1.45217235277766,-0.0959568493219071,-0.1571709212697465,0.0658377280826292,-0.2154579844118896,-0.8289075770979293,-0.5775861423910936,0.033295872640898,-0.0447418610140158,0.4779408255217615,8075.44,0
164247,0.1747192136659154,-0.1095294150235949,0.1188217602514538,-0.6402286820058999,0.324553308764177,-0.3541048782622704,0.7366152817851124,-0.121707179417457,0.4069787123860844,0.1685201278358534,-1.2183785764063266,0.3071926075898502,-0.7230347406799996,0.4942802623587273,0.8475444298216331,0.6414678520615327,0.7060779633332528,1.05442017188599,-0.3795062488113279,-0.3382467703755288,0.036823890010395,0.8405879352085586,-0.0424484197453593,-0.1986752841028815,-0.6247642809812184,-0.3399860039001188,-0.2646546640986593,0.0022124837595023,14733.69,0
148999,1.5826108421202234,-0.3214545933037013,0.6125700177961007,0.6492096668494886,0.2883820188137674,1.001477381477179,0.2140452940354917,-0.0982992320223103,0.9510437585329168,1.207239033371467,0.0187444105113778,-0.1498561045243562,1.9810400622241915,1.6913315544672662,-1.9665021060043435,1.5816961301873689,0.3077447036781295,0.9503321502886364,-1.7606558427996877,-0.4565576026889076,-0.06188461037376,0.5521612811392002,0.1783682682220361,1.4958752470881662,-0.4149406378402726,-0.0343611585786916,-0.2603455136287566,-0.2033900753452557,9339.27,0
38488,1.0947103456640177,-0.6508586533703412,0.6836879113597815,-0.9107793040123198,-0.1297052451118368,-0.1532712689153383,0.3004593586823917,-0.2034918883955586,0.0558745932737334,0.9199239607960024,-0.9545354302406464,0.4785501858321083,0.2401493455687369,0.7724282731645734,1.165572051717856,-0.0688038619850136,0.4195762793115205,1.025706811369017,-0.9044042573240024,-0.5914291043061698,-0.2959068562206649,-0.8895437678917293,0.0919448520638956,0.840084982264469,0.0424131629458964,1.8100858753623568,-0.3087860764962324,-0.0586877830799347,22472.22,0
153861,0.0568277416411227,-0.5128118101670103,1.2382133582254224,-1.3787155088592762,-0.0021990677136767,0.1376003309859491,0.2551256369576287,-0.2033958167462059,1.156389285477046,0.7103548285372515,-0.5024456818197127,-0.4789269977937432,2.1491598001936003,1.2235407575301538,0.0436344927036492,1.6648112103011268,0.6591396712787081,-0.0064898623397767,0.0044107717026601,-0.3340543458746763,0.0098906402483373,0.9849773999456962,0.1075719663018933,-0.0653441491914136,-2.630505732910554,-1.187090251978519,-0.3091186466820457,0.6823680129126087,3791.37,0
20458,1.2149189173264316,-0.8707295522139279,0.8560555890752893,-1.3644045329658587,-0.311211077000777,-0.0954644426917257,0.1075148995385497,-0.1780446897745134,-0.279619122598179,1.3778340703947192,-1.0506926947507242,-0.0247362248714241,-0.6282168313681635,0.6333549437611358,1.0304563847300496,0.3901723333351124,0.6215628650829933,0.3629006809016563,-0.4226675572172819,-0.5358845690173228,-0.2544271739727302,-0.7593473363633244,0.155165542622388,0.6259226661988629,0.049273495161881,-0.9924574415499404,-0.2022124136715172,-0.0252633614348972,20110.62,0
158719,-0.2210998204618891,-0.8874074746101441,1.1717060720703665,-0.7249922686099461,0.3489440097435152,-0.1395358435431258,0.5566239829990522,-0.1342800089324847,0.8435938117887858,0.2485651993659356,-1.456680683132564,0.391261182006241,-0.7916170744448415,0.7958115071651062,0.8472880078934962,0.7856565790068177,0.2336488527497739,0.5143403479594011,-0.5723077016907434,0.3735871281282357,-0.0673007200408133,-0.4691348076391782,0.7059770305422578,-0.2107516594288669,-0.2052755633852901,-1.5402519900567089,-0.3389559547374929,-0.0289563784805977,17763.52,0
10980,1.0296093135683546,-0.5403815420137187,0.8626155830428694,-1.033140910640964,0.0843049618245456,0.5835639197893504,0.2249544455693971,-0.1477546254106976,2.987042516072794,0.0864553890040864,-0.5241094180071738,-0.0150258183339468,2.7585562874133944,1.4715098796496413,0.8451225617718247,0.1731778202132548,0.6262068211936436,0.4351904214941646,0.039034944102221,-0.2578562306823014,-0.1732674970656013,0.0122458125346637,-0.1437761367982934,-1.3140228812221617,0.8248338920630596,-1.6425021137512812,-0.1374065214867563,-0.0499877659544826,16627.45,0
45407,-0.1316851632572716,-0.6751066233451412,1.6779696472919248,-1.586241698917625,0.2701899026302425,0.0339418606976513,0.3264155944207255,-0.1242316807869723,-0.2179803953524834,0.683006296714001,-0.2665136439721566,0.8164244837160557,0.5149423057059476,0.6862341065306116,-0.3274755899034332,0.1421180628851475,0.2238753240839674,1.9762546346295096,-1.1121077844404466,-0.3941853933188919,-0.1729848777209091,-0.3561866757295333,0.0742280112731127,0.0811995412207779,-0.7478831890861798,1.644593228461408,-0.219492525463508,0.2001647238322401,18592.02,0
248639,0.0544881578998698,-0.107580327361898,-0.1344399359591276,-1.5586195563920584,1.867616183311391,2.071431941511337,0.499200352078226,0.1208291040031018,0.5004431533307008,0.4037781807554819,-0.5459712931382796,0.5674157514031,-0.3302667715485207,0.3834812855601544,0.1373052267971695,0.6178046015827618,0.5870925136132904,0.0884191592865484,-0.5940045980627545,-0.0262313711408287,-0.2565977875060389,-0.8362330063691353,0.1136744745261252,1.2604753836826283,-0.680480955522567,0.3331743336251554,-0.1652754320123174,-0.4757804225494389,22521.39,0
136754,1.0774187456212758,-0.8810031761537658,0.3711750888814142,-1.5023083990872903,-0.0413871408282435,0.3031830013982756,0.2661942370664321,-0.1751187161699051,-0.638458525267062,1.4400685338415071,-0.0003796132801859,0.5301613258598853,0.4765187110129692,0.8012128606854101,-0.1731865858405817,0.1360654678320406,0.6479497698777597,0.081357903415961,-0.1650785176117828,-0.3255154322590084,-0.2633562761884764,-0.906530494714228,0.023501247291417,-0.5973057394270487,0.3238182639100145,-1.043419575206796,-0.2403984811207742,-0.0635030862188511,19947.66,0
76700,0.9893869993423792,-0.6290019495985262,0.7129824477729498,-0.7547555318944966,0.0280359129861841,0.5476952731911843,0.2735352017321224,-0.1341722952020172,-0.1501878159241085,1.0040642134301432,0.0014607566097854,1.4586307753427257,1.0708344171847868,0.8065397347364717,0.4832629740624479,-0.0642317160765678,0.3478767472347374,1.044654138788607,-0.9704236919776972,-0.5498734347255524,-0.3398338664630467,-1.1490055648605235,0.1693447712189558,-0.5793478569635407,-0.1492224596372345,0.1477426673676292,-0.230114356667201,-0.0510134329981027,21424.21,0
190195,-0.1309534032791154,0.0136667738194572,0.2579851997737515,-0.9058008565358716,0.1523288877431196,-0.2960778425811205,0.5397405415290056,0.0010560531207321,0.3836389693191938,0.386829754330034,-1.5220266489806098,0.9757977605301372,0.2237154617626396,1.1403687631438344,-0.5324068938690162,0.5482970288973562,0.4154110768434956,-0.0724496513471742,-0.325682137174049,-0.2871681524293739,-0.1858120980288814,-0.5884320437731698,0.1645386985870032,0.1047178543624759,-0.7064739077693302,0.3412659615781717,-0.1135788945257495,-0.0441608457314703,22116.57,0
249322,-0.124935868195277,-0.2360266084565309,0.0404236342086133,-2.085755676587405,2.271154234773011,2.029955348307506,0.7148207720138013,0.0322220675863459,0.3549614531809856,0.158180125385722,-0.6179695566926426,0.487678358761783,-0.4997665167531335,0.3428874877090547,-0.5674841485531066,0.8947336814467001,0.4166750300411938,0.0372577151476229,-1.495242083396011,-0.4957344725510733,-0.2131470078673048,-0.8067165191700456,0.1386999852447222,1.2605118036775227,-0.5426886717788216,-0.0645290814629174,-0.386604799762882,0.2146787967416818,8884.78,0
49363,0.5764413325630905,-1.4417031952071024,0.4488206124481838,-1.3689679099890737,-0.2516440912927479,0.6993800670911005,0.2038469661358678,-0.1336082776817833,-0.4224793468030354,1.329593795634858,-0.2084993336197774,0.277134109323167,-0.0143997918675532,0.7236220294534802,0.5224203020389611,0.4682400123698698,0.5299707610939054,0.5750517022606154,-0.3703656384818594,0.3297195158278389,-0.1382070642135312,-0.8173049308788677,-0.2753861488804572,-1.210646241192369,-0.1796658773038616,-0.9648944023254054,-0.2713892731818886,0.0962321704487093,2252.65,0
66794,-0.1079596355049954,0.0257292555464985,0.6565453597364587,-0.2318286407097923,-0.0212674639044522,0.1770025839483744,0.5153263653759943,0.0072389981206577,-0.146438929871461,0.4451771948800959,0.0156370473781135,2.1581842774992017,1.222332009376306,1.3127734039143275,0.0927996251622681,0.5102219651383275,0.4000112401411937,0.6484718700055909,0.2346894543401204,-0.3592330264636242,0.0169166054007572,0.5808111751867763,0.0140951261877606,1.2332607136931315,-0.3011227966012251,-0.8951216574095493,-0.5341133216494507,-0.3537998943975025,13015.67,0
45817,1.0506596460798905,-0.7643329882192631,1.1121169473618926,-0.8163802962896345,-0.2294475076420012,0.3270698702648804,0.1157351929288358,-0.1251165578779605,0.4853169167995857,0.8050928014640383,-0.7983477866411873,0.3183318895921998,-0.5618656665903423,0.4489872929157653,0.0622509013894208,0.8091901941043914,0.8218800536503585,-0.507782918418065,-0.0647437131212013,-0.16188876285004,0.0231973650137365,0.9722982744835458,-0.1080358307121751,0.9488520768438446,0.6685526421751263,0.0310374320824916,-0.1787382829994627,-0.0517242664435941,15817.59,0
221437,1.7317173370216936,-0.4002405087523344,-0.0802231808338796,-0.1487622547192135,0.5408320147750201,0.1217206552872204,0.6356516493426295,-0.2064869851615032,0.4870516545788935,0.7964973466096004,-0.4104278854424147,1.295945550983712,-0.3325928266385579,1.185141154455115,-1.209733218961321,0.2397155710438351,0.2874115906860535,0.3048252378842551,-0.032764132576123,-0.4399243672113003,-0.0714085582146964,0.3336071095223938,-0.0945500424294265,-0.7869436815118338,0.7053941198954409,-1.1911288685985923,-0.2622959599717289,-0.2814171260397589,15845.21,0
127274,0.3733117613983111,-1.4190265889465143,0.1495262990925342,-0.6310300808803679,0.5013827879999212,2.615670049588995,0.1829639444008474,0.0745987534089487,0.358356613972168,0.7664392172663063,-1.299752191922955,0.7096244088303771,0.3329775093675963,0.528691620035387,-0.3833724974834808,-0.1222742194774136,0.3609007993905648,1.740173102662858,-0.6848294542150285,0.4465898618320384,-0.2186128749744113,-1.22407395623604,-0.4087188291041817,2.1763199394035415,0.4098482056990859,-1.2219703033535707,-0.2329836302944447,0.1979180597877544,22920.65,0
30788,1.0817096504784798,-0.6384355511718949,0.5578222572345086,-0.9559225168210408,0.0114321517865696,0.2299496141724298,0.2985820741757663,-0.1608014739045949,-0.05911820112833,0.9375943907539492,0.1503412020934783,0.9472622947180652,0.115845913158402,0.7044234214982067,-0.7781251525768202,0.7106492464721555,0.7107629644730494,-0.5064078703804131,0.334806946717205,-0.1140577407103885,-0.0039175677798974,0.695755200971426,-0.1568822844898915,0.5974373717512759,1.0272534635075,-0.1405981383521775,-0.2343158233596795,-0.1138185599847345,17955.09,0
238800,-0.0722451122909627,0.015267600780549,0.0518807892879377,-0.9267838811547088,0.5623217559664351,0.3591554283004011,0.5953573760711772,-0.0353221362702789,0.5102867038481715,0.5276716849400055,-0.4732340209900263,0.4727464105213872,-1.4048321210520394,0.5722028672516715,-0.6180487107793735,0.808916721609735,0.5823138529423253,0.8049460489426731,0.3379920541496788,-0.1915174773606671,-0.1761962584594902,-0.5455970950795176,0.2423861443150383,0.0295502059104941,-2.077297603522418,0.1476587712988651,-0.0396987953641633,0.685643146595622,3291.54,0
97840,1.0618169415888683,-0.0257884137808745,-0.0865454666598498,-0.0352747349662312,0.7943333553734896,-0.4694869195162691,0.7588242626748609,-0.2420456018548054,0.1915029893485672,0.0725817848748997,-0.3196331628685754,0.5139958963323658,0.9308601755940644,-0.3705314862366825,1.185618307713573,1.3963615881821985,1.6078610722763262,1.5243655112119363,-0.8004683289946258,-0.1254314505001453,-0.1978856367728935,-0.5077092047299026,-0.3029116771671511,-0.7058577395868998,1.5411715101740475,-0.6270291464836799,-0.1858214580863313,0.1265832687431047,4387.0,0
228543,-0.6132679265294106,-0.7489056127634287,0.0070495750742165,-0.7942010437753713,0.4352337973212306,-0.319846989731977,0.476566913144147,-0.0374072713312448,0.297939299485523,0.5240795362749376,-0.4402727798595112,1.3539509115005517,0.3966342972407869,1.4141021813759105,-0.4466169087698424,1.0508347877144602,0.2377258764651507,0.6697954932893011,-0.260208267445561,-0.8510125403003694,-0.0252510033706029,0.8174021054146503,-1.199187002170515,-0.1892855330384284,-1.1825028359186849,1.3863845006737388,0.8427306693550735,-1.6183526188319444,10599.82,0
251261,0.2986507766554059,-1.8400706290680284,-0.122866820392115,-0.3712071782774074,0.1394609426571278,1.570944577927769,0.5794203714624117,-0.0638136712901007,1.0570523508851446,0.4294236171029332,-0.2285508931654735,1.4991214111792703,-0.2117788350729006,0.931134765432028,0.1216458437552065,0.3294316512055741,0.4785616079320917,-0.3060729685762282,-0.6825826036160574,1.3125470309959593,-0.0321034388291059,-1.1563719357947453,-0.2895977181719573,-1.5321917462395624,-1.7774255818869975,0.3139695993506313,-0.4275764737900385,0.1052649525911012,265.57,0
237223,-0.296916869437152,-0.7699428150533242,0.799143956075419,-1.025161647461082,1.5747548198747776,-0.6319794101016388,0.4441995746616412,-0.1550861321203183,0.463134768187365,0.3153250505584609,-2.140392345802175,0.3758468746029116,-0.5438915045419508,0.8886703893890835,-0.5678103158485648,0.6522593326017578,0.2207588725938058,0.081258559620373,-0.3781524353373473,0.0558130003464373,-0.1589963833829634,-0.834913168542654,0.1024279067951187,-1.2424486288043188,-0.217144120108651,0.3246273725242967,-0.2609389602238691,0.2687893177380812,20831.71,0
186112,1.5303057297052227,-0.6902629948216159,-0.1412165434291675,-0.4606018998921206,0.3165032098576736,0.0900923874938926,0.5635240680487221,-0.1717263668302691,0.8241013520576866,0.7329917398520426,-0.4062487993708858,0.3171304375867001,-3.189603659948373,1.6212215560497891,-0.8151559603475442,0.2962130531752264,0.412265038587088,0.3059696485513968,0.116997491202802,-0.2961788861255328,-0.0640193219271788,-0.0475096229520591,-0.026249201795867,1.5091233061363387,0.0157240363741227,1.16861598910359,-0.4040613222313314,-0.2597935744076836,13594.42,0
102431,-0.1984157671740165,-0.2039431336110976,1.5719734120335975,-0.9135289375867608,0.9938811944328388,-0.4907994236237388,1.0692164462789455,-0.2636474327827212,0.0440383339417993,0.300921444619583,-0.8713044192832847,1.0005622943102084,1.0291729434668746,0.663281360960275,-0.6378499471890428,0.5723522042783956,0.1482793024265599,-0.0051120491577287,-1.854935266389924,-0.1569025655287831,-0.0827644249481855,0.0768117693014318,-0.470876107699644,0.8798353807266248,1.6713300906340025,-1.4337635716371904,-0.4522247928643595,-0.5059910606894819,23871.54,0
251828,1.6456731568391167,-0.2970414956857717,0.2490389119264531,0.6633073405648141,0.373192712255845,0.4459303397106424,0.4810853938259918,-0.1751387310256125,0.1569356323113105,1.3401514708815525,-1.950483296646096,0.5016806231977334,-0.0779625323270542,0.6996882385066304,-1.5117692293542675,0.8112139909720792,0.2762735274361193,0.0394619327935451,-1.4010411309421515,-0.4746973927120851,-0.0758477819126153,0.3064640876489559,0.0374918974999877,-0.1788425388172069,0.1595388021939734,0.2484814433730912,-0.2694704383472511,-0.2244409854790656,6097.14,0
168035,1.6896131377591377,-0.5092026574995272,-0.1026675230867161,-0.4871741400104064,0.4308940871984236,-0.0106368860589155,0.6133292961462136,-0.2244085835882723,0.6699664314643029,0.6459414687840743,-0.2762503175395296,1.6574257692382064,0.2944691586905882,1.095703232727533,-0.8006148469592902,0.1906087577566944,0.2882915212663904,0.4443660920177433,0.0683377798645452,-0.2855440945748962,0.0360681001310109,1.1012560898274668,-0.2538923376495772,-0.5300076294537269,0.8554433441489185,0.132060487261784,-0.288686228561329,-0.2807949903000726,8207.05,0
122614,0.0106105560538717,-0.2102744781252252,2.5187660940783454,-0.0100945019980116,0.0335406022426517,0.5929959447309197,0.5384351473495871,-0.1708608755154727,0.6475788112941687,0.626414652427744,-1.2808334424489087,0.2259545316801446,-1.1758159470199236,0.5687975901568213,1.2031852024502172,0.0398768285043653,0.5979605031315172,0.6818254246371452,1.0833990355590783,-0.020875731446327,-0.0631543097491192,0.5593447214523448,-0.4222677242242478,0.8763857296572498,0.3673483586855817,0.0877811964829279,-0.4036223115259122,-0.4349716363500433,786.71,0
88075,0.0721475650340138,-0.0419615906910365,0.8875503913193035,-0.2176567720044257,0.1851232231414979,0.0045399967182749,0.6317717697316835,-0.1148958916919594,-0.0041236472197169,0.4308452645506959,-0.8542414326437606,1.3985579547870357,1.7784106963439807,0.885910124746614,0.9229609609655358,0.340960298171889,0.3984218842385101,0.2727149225943595,0.061164581428262,-0.1613778667007927,-0.0228336638509698,0.4814458630168255,-0.0569352164201975,0.927920509664524,-0.2021385371975083,-0.7991365926838044,-0.2826182802405318,-0.1327712326596803,20598.59,0
192206,1.675007242750855,-0.7577306152823711,0.0185082904054028,-1.0348434630803276,0.9417533148645638,2.4604949824691915,0.0131839490286069,0.1198714636094122,1.3618168835125333,0.59508239676417,-0.6704331925309925,0.9013366283235812,0.1678980691807834,0.6312688231125073,1.4138256132955924,0.8893264042182609,0.2326631252443276,0.2510819738271734,-0.602650506620409,-0.2400299540395938,-0.0878240098522767,0.0765621527638883,0.3383861781170649,1.583658324665263,-0.9704861348471856,1.068600907354532,-0.2315303751168486,-0.2027509278353475,15870.78,0
143105,1.0182102848440184,-0.3415763707911783,0.5148418089893655,-0.1664909422234438,0.1631721962679891,-0.1945507183227165,0.5512785052041999,-0.2038277329287476,0.5120008657448303,0.6191465521829078,-0.9959181495639234,0.4097555746989291,-1.0684774872267302,1.1536560511761178,1.0376233151538554,0.4473806496406259,0.3493303953395029,0.2089583829850466,-0.4587199968142395,-0.364284750938782,-0.1170699469364167,-0.1650676797045654,-0.1162582893465373,0.747178398504947,1.0725394970352595,-0.8550336505797436,-0.2444768866388361,-0.0602420620107934,14370.51,0
22621,-0.6474563671764831,0.2776077960792548,0.7158322714824202,0.555733056875608,0.6223376743379286,0.3786027394118997,0.8789923481348463,-0.279900053364162,0.3863074540439891,4.512875751894713,0.0571229140246282,0.426678008389009,-0.368579892687671,0.4814551993742662,0.1796625383907174,0.3888193423612439,0.261979609992164,0.3824335786703673,0.2137139024511148,0.3987981111287865,-0.2728653870437751,0.2259235570022134,-0.0827564256437946,0.6675345579435518,0.106944970362203,0.4052875333901917,0.2412679984789848,0.9397832943596428,21741.22,0
249004,2.008168203210105,-0.6560179914761741,-0.0380589808505792,-1.2132104102938157,0.2216365303050869,-0.0104518107547878,0.3472317352645581,-0.241926229628643,0.0894235082063248,1.0102028974309816,-1.0727901813527283,0.6379393479413288,1.8705329533270396,0.5530510119694885,0.2140169734915387,1.1899247165663045,0.4169386116435681,-0.3673159834029738,0.2355713798901044,-0.0566611630033808,0.0634661835498371,1.2284478044509366,-0.0586508001441994,1.2301103837631768,0.435822917359179,0.1201512357911893,-0.2772168739205128,-0.2410856151395481,1687.23,0
178607,-0.4361524414015961,0.1870169507673979,0.8017847325881139,-1.727665424038003,0.75111172497013,0.6473959654629817,1.0367359396758278,-0.3778349349120298,3.0342511751256867,2.668170471026325,0.1283910054615191,0.6647996538652575,0.1110146835230966,-0.3336636458180417,0.1409530879219666,0.5573803868758685,0.2146203135948848,0.7761770400364549,-0.3600610524993401,1.344442643671545,-0.4287656487906707,-0.5605900558845628,-0.2436884665030582,0.1363944216362722,-0.002917191300774,-1.2832506375433212,-1.0981135772622923,-3.1860329678159443,19621.8,0
86164,-0.1072374422505791,-0.1707399571903409,1.675579238726859,-0.902188273231353,0.446650522669623,-0.0872580002769957,0.837527864275234,-0.2405071917967926,0.4696051611435828,0.6507126805259928,0.1262303175455121,0.5817428747511301,-1.1453149093725663,0.4634255686137561,-0.1177134637250831,0.9115769044133294,0.2667799031665048,0.5177279732548219,-0.6729479795582716,-0.1105971545658852,-0.2086371433949419,-0.5105106309056753,-0.1242032004699263,0.964549939866386,-0.8177639934026124,-0.4101568980493447,-0.5482835709994511,-0.6832495965473644,18180.5,0
175286,1.5991936468745576,-0.3146983064424325,0.2261122561013019,0.6113854468261655,0.4927090343183128,0.8474926366115241,0.4182408553592261,-0.1155973928642761,0.0206377983403635,1.440340202852417,-0.4681458604556782,0.9980943902940912,-0.2338538741385067,0.8186136449019167,-2.037288979233386,0.9064219774543092,0.2361864910077803,0.2651662720125423,-1.241497043030659,-0.4550339851355027,-0.0519442037208207,0.4121341446343069,0.0944453719749724,1.5054657326015908,0.0773274964720257,0.1221952134093431,-0.275138995007969,-0.2310049160941907,13082.53,0
193698,2.0067314694783605,-1.0115302999722222,-0.3190899005995122,-2.345083200754744,0.9969702211744538,2.0076124542046383,0.1088202266887437,-0.0066768520041532,-0.42770073471888,1.5277601986912308,-0.5913357812551314,0.2152806674677365,0.3845800233845619,0.8214455354503903,0.5435932340031244,0.1032670362937668,0.5738048887357018,-0.0009132774108835,-0.4158820483973247,-0.4640047626843122,-0.2216203547906615,-0.5908216977849341,0.2884660286263832,1.420391429428863,-0.3294738592527734,-0.703034768720921,-0.2491619089667136,-0.2384930966724202,18126.88,0
98934,1.0065337774036978,-0.6705860337088894,1.23271247922899,-0.3661868153891132,-0.1628409267884568,0.6883308855705564,0.1165231123435033,-0.0904218992395727,0.2700901244768359,1.0164134237831832,-0.4386149843410831,1.008044440580667,-0.0519340199625931,0.5762282415531585,-0.7075811150237586,-0.0346111569072137,0.3325537168433791,2.1375458833287,-0.7606033408866398,-0.7128269257112203,-0.2644108096381676,-0.5251696978351799,-0.0020477709968304,-0.0771918709346578,0.3999905005242462,-0.9391014119789824,-0.1357311595871372,-0.0260758273502718,21012.25,0
161223,-0.2394384001151369,-0.260405014326938,0.7725020010842658,-1.3185075857060575,1.252636304085349,0.2092683629004772,0.7813399426831367,-0.1620632015844335,0.3948469080465393,0.3263645735976256,-0.4146302270711769,0.2762507247107971,-1.6725752406634826,0.3597236240018406,-0.8561061216558743,1.0734084313640797,0.3823283357003172,0.748932586360986,-0.2182768980097038,-0.2047304023169738,-0.2996797406900376,-1.1090291851107985,-0.5139669441223488,-0.0265330865308663,0.9241672584215164,0.4789213576475128,-0.2805461182958422,-0.4613449219307824,7166.4,0
179855,-0.1861011151604028,-0.104228369665211,2.027642769969503,0.1252689545067496,1.0168369336707717,0.5102598319450019,1.097677459500884,-0.2325349721858539,-0.0800360138578534,0.8890195760906358,-2.15740859471231,0.0422461382923067,-1.34894922193086,0.4918338420545899,-2.125953801119339,0.9900898366887324,0.1390787338436652,0.03353511337099,-2.608585295816508,-0.3858073021114043,-0.1127712643687172,0.0896674515270973,-0.6377122070034825,-0.3514731749367391,1.6323229904082008,-0.0195048636329078,-0.7813882567956066,-0.9808015971419344,17322.38,0
69654,0.9407105672035022,-0.6641989971376345,1.09255730320713,-0.3192229532041601,-0.2057189337077566,0.1446740659396836,0.2430231957879419,-0.1734102645549735,0.2065726172008846,0.9146534060405548,-1.010846172999435,0.819575810923761,0.6168254087738837,0.5592838166275059,0.2545643884467961,-0.2017560197080183,0.454282027892231,1.4256642186994437,-1.372937981640712,-0.5717471209859194,-0.1742918823849784,-0.0505697426721284,-0.1015284746030074,1.5488293558764663,0.6926161079413342,-0.5897016143798318,-0.1601407029741675,0.0218624267877694,15900.15,0
193077,1.9259692548080547,-1.1565489118494474,0.5085882671114803,-1.5410613980835843,-0.3373055839713891,0.609294414296188,-0.1110222410502197,-0.1148926354327202,0.2655925072615368,1.3993920881242352,-1.719305157974176,0.1636287441826903,0.7838671510761132,0.2702611381083368,0.6320659400587657,0.6570700008786221,0.4460694029482482,0.9646644166174848,-0.6324023271845394,-0.4789380986007261,-0.0784293691712978,0.5534000631781082,0.2251337681091921,0.9848719494760012,-0.8561707424917562,-0.2474404180188547,-0.1583979838598593,-0.1381077179464025,15129.89,0
268602,1.793114880382671,-0.7469826560715687,-0.3116494675519458,-0.9629996015547866,0.4630096988432078,0.0063456867770807,0.6135920450464378,-0.238452296038905,-0.1295146783936339,1.2230467048071938,-0.6162378022954799,0.3909614260641498,-1.144482401021503,1.4998118816800512,-0.9139584666373338,-0.2926420955512965,0.3775879045765361,1.6203440631979966,-0.379801452627185,-0.6320368546052357,-0.1206981483420094,0.0959495745770432,-0.2350514250144078,0.5087448633064426,0.7204802055299352,1.96944488058798,-0.4140060235302328,-0.3052226196592018,10264.51,0
107985,-0.1141961594474534,-0.0828025038416572,0.5213572459190553,-0.1798905265604051,-0.1530253429195736,0.4161150493945829,1.1864634010202844,-0.1445709175197492,0.1894419398856152,0.4528454714599156,-1.2078721680715807,0.8201654085398318,0.394562623460384,0.931364169223278,0.0047211583030866,0.1597494350154576,0.513736311682278,0.2251558947790992,0.299208986165347,-0.1286557584959294,-0.0537740399467924,0.4911159705226917,0.118962821772827,0.8842836803115748,-0.5643025500079518,-0.7949464776665781,0.1388537932788347,0.2033478660068851,1432.48,0
266106,1.8023975882028171,-0.4467898568143335,-0.3083272996609186,-0.5823285595705342,0.8082727369222152,-0.0711453107031962,0.824578700854569,-0.2523481444766808,0.4522789727297547,0.6996664723913445,-0.5881987440207637,0.942685287062321,-0.4536891852930516,1.5113854201348167,-0.7288761375586552,0.1581340447792953,0.2585429159215228,0.4924592782202303,0.3360342015113706,-0.3396241959869426,0.019139564716114,0.9102058868275718,-0.4019705679366358,-1.5917223601973955,1.4157369431123563,0.381076990745829,-0.338448160667015,-0.338886573909973,18323.98,0
33631,1.1965750506732773,-0.8564076354540383,0.917200611775014,-1.2866134199189128,-0.3627428867814732,-0.3519127701062433,0.1292221956397299,-0.1856193584894704,-0.294031033405344,1.3921212035228223,-0.7635724484854649,-0.0667834295564137,-1.4031113175632366,0.7533822581610002,0.9468486517449504,0.2807077107971204,0.7356083953319056,0.2018412385819326,-0.5201034939640609,-0.6118815096084846,-0.2799592340532336,-0.9339622531989752,0.2716427145718518,1.742181700742739,-0.1183844295211345,-1.260521190579629,-0.2137051479306051,-0.021506982877417,7985.5,0
422079,-0.7493259746590636,0.7907243376002342,-0.574145724818514,1.063872685549348,-0.8111444173413854,-0.2363241889445894,-0.9211590980810814,0.5796590830676336,-1.4931186579850255,-0.9695792314854346,0.7129771247647315,-1.1508038194580616,1.7721030193545482,-1.0088453041793883,0.8879703899436392,-1.4350780042050522,-1.5785873988370975,-1.4810927765137516,1.7334371110439395,0.5975871156737559,0.5288179457241031,0.8506286070816524,-0.1751410780975946,0.0574336155705412,0.041065474284259,0.8922223710428001,0.6039860419311972,1.1096413822325537,18645.35,1
347250,-1.7870029758231034,1.5023570346033834,-2.037168325991991,2.3591143320765253,-1.5164428413083055,-0.9357423863219184,-1.9997087208248991,-0.2008363046752913,-1.9403445196664773,-1.9366609107182893,2.195056899074295,-1.7439136055798992,0.7000675592131498,-1.7214699378875475,-0.3534376655607059,-1.532211558992998,-1.4156807408740342,-1.4475793435750262,0.396949923631483,0.8201810568440386,-1.1384719559225729,1.0598200615810134,1.0525510490165102,-1.6849078892900289,-0.5683279629970007,1.3290326413498583,3.098900964264801,-3.5156581128196085,14251.17,1
357548,1.1357096792017092,-0.0749523855519378,-0.1101454775706105,0.5256335349356729,0.9797516642360942,0.9417660399902714,0.4216637713693412,-0.3214589734201385,0.0905436716478085,0.7559860549460541,-0.5821321471071772,0.7355342115187897,0.5615598347418116,-0.1600242454004047,-1.8680792742628465,1.6397808250165733,0.8418742149379116,1.36742256002716,-1.2116179226938149,-0.4706389463815013,0.2317385627301041,-0.014442484758488,-0.0572830644461491,-0.8029136755781147,0.4934815222076462,0.2814366585535831,-0.2411233462930399,-0.1420635222755928,19686.12,1
448204,-0.8073490531593027,0.1215537484377009,-0.2186354302103841,-0.8472114666157482,-0.1327757038793769,-0.8662684388397344,-0.1210921833362567,-0.0898143185195126,0.6648481188761707,-0.4625951135427572,0.4489813489733716,-0.5362715078053126,-0.978456229157364,-0.6744529839431702,2.043209394311321,-0.6655731154969455,-0.4546861726326027,-0.565492624187445,-0.2145763329233628,-0.9013665426285808,0.1100964790854092,-0.1173219037461143,-1.0686925454625336,0.5529256694804632,-0.1160585923414032,-2.5186918281467925,-1.1176252240036275,-0.0836327918635326,5694.65,1
433029,0.8644573843546788,-0.3102909723473851,0.920777793509074,0.438496385346606,0.0750561498251815,0.6143349590969865,0.2418228357820183,-0.0624762588526045,0.6289368188270085,0.5279249292770705,-0.1344042191731023,0.6221831923052651,-1.6294207992124894,-0.0362818437555011,-1.704930608711367,1.102424121091556,1.012360190516146,1.1565202613690149,-0.8091408334429763,-0.3833250347704782,-0.1286894185754105,0.0235043123406856,-0.1344250458250666,0.656260049300489,0.7362548689407806,0.3574554555721169,-0.1729565399676032,0.0371657070742272,1971.79,1
322700,-0.4628765813480583,1.0058198238176146,-0.8819404987064501,1.1767771478561864,0.5004445437799762,-1.532783106758935,-0.1798911672677173,0.1279470258583308,-1.1348113024912037,-1.0911656460067836,1.6409679476410777,-1.3881315743203506,-0.1520847105077266,-1.4294985263893092,-1.8389005012880455,-0.4548316842811088,-0.2638123360649312,0.456299832981253,-1.8292576063503696,0.3255058865615245,0.1589061910324705,-0.418891113408963,-0.5732482761475007,-0.4784643383490702,1.7243190748867188,0.8057356362934499,0.5091829339736151,0.9525501181259012,712.83,1
437844,-0.1252021933110239,0.1347788221627467,-0.2900642984413832,-0.1944378583190208,0.2510902914639996,-0.4560667730850866,0.2030663726858563,-0.0849386037705837,-0.4015450938214489,-0.2327963017198172,-0.0724828341282151,-0.3765837495527166,0.6323493436119073,-0.5868177952898691,0.2291634434878949,-0.4909566937404472,-0.1335913541198727,0.2078404378635587,-0.292984379820085,-0.0963401817124143,-0.0022408887402852,0.0389940869632563,0.0268505346292933,0.0509480071748805,-0.8378360370845346,-0.1547413136794463,0.3856089146401383,0.7698311246703141,12428.56,1
304687,-0.2710749310110406,0.2249416045242434,-0.1006047433560116,0.3923911700311898,-0.3937365254391551,0.316280364539882,-0.0442008315202177,-0.086594166450516,-0.280641966535994,-0.3936960826310857,0.1989302365511013,-0.5702240270831586,0.1214317415756677,-0.6270671542254038,0.9902483318376568,-0.7675337281649784,-0.5199014908482317,-0.5732562330190903,0.9354386401762764,0.0894230644600019,0.2641444474412387,0.1762423203297046,-0.0550148988451276,0.1142912215384702,-0.3045041025338912,-0.360510489984264,0.3232533432216963,0.1486792514048944,7494.61,1
442678,0.956556505192686,0.3815272292538643,-0.5168253583510427,0.8789639902330125,1.8912199401013736,-0.7874219725665235,1.1973843290160788,-0.2464126811604008,-0.6402433142031728,-0.049135740818623,0.2277726948399776,-0.2766291195540299,-1.5445404671402907,-0.9508165759627946,0.4760413001653542,2.8844279624802187,4.451148346175,2.986830467546479,-3.001947807174687,-0.227530850553379,-0.1676087995721918,-0.4327426488769025,-0.5334461372172467,-1.0171682990541893,2.1720704170257408,1.146174076976328,-0.2243904083127914,0.2866739915669413,16730.23,1
295247,-0.7308062594143786,1.0402193870425374,-1.1376950790436426,1.845504477620188,-1.1094609307382317,-1.500783616777105,-1.4129983648477935,0.6522180614584727,-1.6393084573504924,-1.662296987988405,1.882368790959846,-1.9373684450967592,-0.0487650258409965,-1.7639563146648722,-0.0266445048513428,-2.0121588409653,-2.207229003211698,-2.056423115044112,1.3936800693453326,1.0498242325186953,0.7284054926016844,0.4974867707540074,0.2415343787716744,0.8961318424937895,-0.8776046004400876,0.6528671732883594,2.049807494223288,1.812639196918478,758.66,1
329580,-0.4730734716119361,-0.1106193167905745,-0.6140140405044715,0.1469796997421461,-0.6961149958960304,0.9709979011591252,0.3954109179971732,0.1190490113480759,-0.506145604234681,-0.7594471468650893,0.3684945544672189,-0.74196707608843,-0.5682246101072459,-0.6865610385523973,0.6952162658513051,-0.9037305062501756,-0.6000834277157107,-0.9924064739559304,0.0073627625594365,0.718874621541374,0.252394561867842,0.4265093366544614,1.3154007185160843,-0.4090153258711601,-1.6324560715489806,0.7477700881256478,0.7531348804276798,0.7348961763917987,14315.5,1
532502,-0.7341271417519507,1.1195550616979748,-1.2345942038408435,2.033395373534012,-1.0999137820671492,-1.6228042901168658,-1.4371041617765514,0.6890202267733299,-1.5935103636020498,-1.6594878942413758,1.970664792550909,-2.000553979298357,-0.1366125082947419,-1.7719802264817928,0.1335589442439843,-2.012541326950396,-2.1000820047285917,-1.949195601493899,1.7291731198606632,1.0030177024345384,0.7246349325758772,0.4735276999560722,0.3832118046258488,0.7481105453745689,-1.39205489364852,0.8625823641743239,1.7695724649613636,1.7675106311785196,17318.28,1
420806,-0.6151164360334097,0.2780881652373749,-0.7132333504345745,0.8706538698114895,-0.2778056611995844,-0.1800601360175351,-0.5106127021041071,0.0791474667011797,-0.0859811837507062,-0.5874851049565877,0.9955152336907844,-1.2969546031480157,0.0431143076118706,-0.9983368107095943,0.8206656571042488,-1.2567925515161664,-1.0216466639231632,-1.2487507960693525,0.5805715637264766,-0.192681982691969,0.1462934229468433,0.1323753678291773,0.4579384024279258,-0.6001863319091751,-0.7472654232927103,-0.1586948435172261,-0.8912443557169152,1.3316901599801314,9801.62,1
360829,-2.055616921919914,2.364578216676909,-2.0338527131560293,1.1784781455723885,-2.4157880721246223,-2.317785700531267,-1.9312704350018235,3.471895880021056,-1.21261902991617,-1.352711732770289,1.3599492308754526,-1.2089751656720913,0.1710176545193659,-1.1797722324888489,-0.0328824725150258,-1.3794084902785018,-1.5490667321484517,-1.4790341717000182,0.8397854392122325,1.3602377458637012,0.5492972038935702,-1.127545950969148,-0.4800522704536758,0.2300271230345702,2.192319959096519,-0.509216987954802,2.130705335939309,1.062042307003159,5926.63,1
474139,0.0284734491377851,-0.5470101953710519,0.0274291122309747,-0.5899216863046525,1.055641225705548,-0.187843735758435,0.4576418532470389,-0.3047237581547456,0.7314578103508866,0.6080087135738054,-0.3014548511272945,0.564609834445001,-1.8379774722782665,1.0750778682739504,-0.4120471976305597,0.143748205714867,0.4590189644156166,0.9577954012045052,0.1418872479144204,-0.986599780991622,0.2971709942188012,1.623354332433234,0.0749326755907731,0.9891476761365716,-1.011547230334893,-0.473936711454616,0.0590877646759425,-0.035758092119663,23068.34,1
533182,-0.2604055693989369,-0.7113975518624728,0.1001492494537132,-0.1335328718678073,-0.5777040898240946,0.9216500087658488,1.54001964018199,-0.1833394197950544,0.3858451408078531,-0.2109778681195503,0.1209993224921685,0.0405000309629614,-0.5692869009282228,-0.2123233924730203,1.1749372104521605,-0.2993432595078631,0.4747081705148204,0.1789399279745518,0.8833097583001526,1.2064780900052887,0.033144866434983,0.0132877757215316,1.3807127872601326,0.3660566229547713,0.0503179228022913,0.0839612658847329,-0.3099454480413771,-0.5357444757108337,10533.64,1
333530,1.023393042827148,-0.2686163451347788,0.264768928812727,-0.1227334307427712,0.4559149648701939,0.3588279975203762,0.4499376648267655,-0.142765133471831,0.5488575459172994,0.3914253153376446,-0.9984301359176104,0.2177224231805446,-0.8419342047251611,0.2723370030291108,1.8027572050640577,0.9419898943678536,0.7196961357264567,0.722220966612908,-0.899154256195735,-0.3401992747124043,-0.1233657907903836,-0.1189654772664005,-0.2115577636818726,-1.459847534637324,1.0461637418375518,-0.4240418051215606,-0.1857217293413472,-0.0010639313837686,17229.78,1
350940,-0.0093385420834992,-0.0237291434815992,-0.2048821094820099,0.1957810455969897,0.1058939563686626,-0.1314136315042539,-0.2160275101721604,-0.2155206156862405,-0.1875604857744592,-0.3312810920234239,0.4056233329587168,-0.3504380384055128,0.4297317406960861,-0.5672993836957329,0.825931942116395,-0.2680357883677624,-0.4570002089894144,0.0897704034101313,0.1185454605506018,0.2110636304841158,-0.0629403118411156,0.4816980265817711,-0.2908296283438428,-0.8700611341397059,1.0353819610617807,-0.4447576438763589,0.3267437758290041,0.5991418620443297,6006.01,1
329989,0.5077108249892898,0.1125766225260696,-0.5552776367266875,0.2540727474265234,2.947058350435909,-1.3887506186472451,-0.2072727052957113,-0.6708213789199272,0.39666830987493,-0.1285401508567909,0.3864071780193388,0.2737887296554768,-1.577036627218754,-0.7482442886714906,-0.5349064924223002,2.0024580461244295,3.7549455418409887,3.859225612837284,-0.754265959385585,0.1185496523483908,-0.663210454125186,-0.395719260929688,-3.291981018520066,-1.2811332898036556,-3.375237808603137,-1.9424292039676352,0.2032340714994986,0.6283484845007994,167.6,1
505343,0.9139095311768164,-0.0807978475276469,0.0117895143261225,0.1202708650367347,0.583597578153238,-0.073610779551572,0.5142957736586565,-0.1358421682453155,0.4391463523929031,-0.0223586398572158,0.4720853998968963,0.6295401955215066,-0.9695685292881748,-0.5549286989653991,-0.4030059788993728,1.407905837965164,2.4483595860211658,2.0555616781064425,-0.8656697589913901,-0.2396307826668858,-0.2388505391860424,-0.6841961830126501,-0.1591528089140269,-0.2492548255574579,0.975286550013241,-0.8259295483874358,-0.1359222141346558,0.1764844513277327,3106.79,1
411329,-1.7848008379646447,1.470641552131612,-1.8111812756391985,1.7210331954431264,-2.194601586121529,-1.9953077857306625,-1.980269846151204,2.507764223652865,-2.0177576928146106,-2.010597368942174,1.3303688824734226,-1.6025664675657507,1.5630924519191034,-1.3147706896487406,0.0296885985293162,-1.8241643835299917,-2.030538567904613,-2.0433133753770174,1.7983825480103028,-1.8797907721157447,1.0151335358451512,0.3728384318636595,-0.9957675335431484,1.4361737457410315,-0.3455151782631264,0.2189838837758077,-2.292441011820862,-2.596533676459129,1605.05,1
315002,0.3977674768872171,-0.0853491598731731,-0.0557579965638378,0.2199979816565529,-0.1558701322171425,0.0125099298334596,-0.1812816857919141,-0.0085890693744015,-0.0755279120104067,-0.2926625992925123,0.438572220671157,-0.4787643476585113,-0.272181224843994,-0.589337732269549,1.4656230555145642,-0.3543320592345753,-0.453129090128568,-0.4047713687351921,-0.6378414262763438,0.1617640983145205,0.1045206797320948,0.2366988582307046,-0.1627054416091508,-0.2190792556953696,0.7010658152308217,1.0808619407334985,0.4151492526886938,0.5828417418938145,23788.93,1
522680,-0.4938463321827868,0.4301280593843929,-0.8370669339216033,0.5326095094193659,-0.1157186972468897,-0.6273988343062494,0.3920799414354033,-0.0746599817563656,-0.3841646727649226,-0.8369706392005288,0.6449213382456893,-0.9028121286181616,-1.1179500800288944,-1.3545675999761089,0.6265451064702966,-0.4555449300558772,0.020897516570164,0.3527264322037987,0.2122764632305169,-0.3101458557136257,-0.0881063670404884,-0.4093779911418337,0.1821975319515332,-1.135280795837526,0.7077799088549489,-0.5768257099332651,0.2659439371024324,-0.7910490126598637,15764.89,1
381933,-0.5166598886762593,-0.4750065099962599,-0.4747771779644885,0.244354376485095,-0.5621554244876592,0.6561939820882233,0.3078071208479217,0.0938844137014008,-0.5309911711968587,-0.6562783296193823,0.5891581989189834,-0.6531315280420347,-0.2218016650947974,-0.6062855707096536,1.4118662839334817,-0.86007849306526,-0.6007288067372374,-0.6966191520690473,0.4864602046129315,1.8183646911025475,0.3566217692518916,0.4917601128429253,1.657613433850012,-1.1732351966619206,0.3819555094562932,0.998168174203534,0.2920342365378662,0.4746486169338004,24026.54,1
512441,-0.6363153069451125,0.499860401429352,-0.5626697757202717,0.6242753752216718,-0.378582825447158,-0.1605801123621454,-0.6374550796923436,0.0877788436383769,-0.7973100359937599,-0.8622820123486248,0.8990951453547158,-0.9999842781720618,-0.5622348457026304,-1.0441885280884593,0.3848242625925773,-1.2610455671937544,-1.0684426195969656,-1.0888816952453206,1.4035462501419946,0.1557625495856749,0.5654684436288244,-0.028046912239936,-0.3560458681188158,-0.736673679169808,-0.2605141093633747,-0.2995848084778892,0.570367682697115,0.6767409055658481,486.79,1
535117,0.9699589282490018,0.2919070387948199,-0.6547698947259023,1.022434968497643,0.716712809385337,-0.2996456558329335,0.0834497605890831,-0.071267719533564,-0.7052424995934289,-0.2958444865963597,0.7283901245622479,-0.5567446262282908,-0.4968979475389916,-1.0827680953068954,-1.4610682596689168,0.2414020709482226,0.0556721789240174,0.555246319999517,-1.2881179399637326,0.0699535350794241,-0.0531123333080247,-0.6616261467808432,-0.1074002331147922,-1.5376056414628785,0.4911366915510655,0.1782692451822151,0.362741586047043,0.5477611615894871,20205.68,1
521107,-0.5144491964514845,-0.313490586856037,-0.3981553190809214,0.065237692590772,0.1553478633816085,-0.6391619979487343,-0.4004407375900571,-0.2062592524174775,-0.009414013594668,-0.3685623351700055,0.2313213367450609,-0.6096141544453334,-0.0268708624162271,-0.4870938354258608,0.0146753817891407,-0.8909704504127653,-0.9548110716342392,-0.8492750468978777,0.6595184844273306,-0.1495638503104069,-0.0498098222859135,0.6751714060267557,-0.1029337018677405,-0.0286022053877265,-0.1828609318661451,-1.4933742063909825,0.4283597991551607,-0.6237454707788654,10172.08,1
470059,0.0445091081060946,0.0398052791799512,-0.2702637400518662,0.3311784098043539,-0.1522269111505762,-0.0301696597428335,-0.1841986797930794,0.0751979066100677,-0.0765559565762323,-0.5000859418830317,0.7026053966748153,-0.5300561032242638,-1.1599488062140093,-0.7936759688547664,-0.4032770079333186,-0.4609123995247414,-0.3940005742759786,0.2086813619393779,0.2303220691469778,0.2555399327635301,0.1784630477999277,0.6193899018216545,-0.1139500980245178,0.7094169881528418,-0.0450973024376937,-0.6308337211480639,0.5796575355450216,0.7661398140385706,2528.63,1
386521,-0.8061715486909753,0.4804242181700579,-0.7490989885943111,1.2371482861180032,-0.7405885903288478,-0.2395902157062305,-1.043079130289557,0.6001424058416434,-0.7697769675110566,-0.8148201016737476,1.0836248048210642,-1.2458441522464438,2.585010757783954,-0.8508450838594672,-1.635995618130912,-1.3231918757501084,-1.5234439397159494,-1.3504067878345545,0.7973132548142978,-0.1983811457338413,0.499863579749812,1.288244204707514,-0.4502149962176383,-0.041772740277219,-2.253254540918924,-0.1872952312479099,0.0213792401497368,-0.9313569356663248,10126.4,1
535683,-0.6750043882900116,0.5786111873660738,-0.8517082104800839,0.2459054102369398,-0.1796750874610397,-1.466623107588733,-0.5363236027235184,0.367441080194434,-0.8447438175556252,-1.0379168924438642,0.7202175415600485,-0.9198026218039208,-0.0265203462624198,-1.0913717407416497,-0.1258982213049549,-0.9387467997270038,-0.8432407362447146,-0.6676320948041051,0.6662398144062786,0.0323929329592545,0.2752558526653484,0.0855606976527626,-0.5361311760318432,-0.7944941362496231,-0.1986739864857164,0.0816968345889704,0.601573514018178,0.4401417208766242,5678.62,1
451990,-0.1810279970040504,-0.1717114635134486,0.7533826685981148,0.1748999446040463,0.0078517877356367,0.6881872340045141,-0.0327591644244761,-0.0772070100667067,0.202629170588901,-0.0939561107757073,0.5192631631988155,-0.0873146725278908,-0.3436650228711237,-0.4166567787407134,-0.7210135857608517,-0.6542943118911415,-0.2704193751350298,-0.3653469239914266,0.7238496739508503,0.1553084000776945,0.1450660786639583,0.6417606669281619,-0.2191339143162684,0.0774765654856445,-0.3236298788695038,-0.4068993402404063,0.2135988296603315,-0.2262616461802526,4454.82,1
406679,-0.4173358450486953,0.3425386606928973,-0.4922021728022456,0.2738566570796019,-0.2489230458761206,0.2554181862008532,-0.0805055483390543,0.160448638181198,-0.1538389913322038,-0.6794477917662339,0.5458122019271077,-0.4088049423545873,0.0184313967324248,-0.9594516805441984,-1.6425208824318454,-0.4712441326191939,-0.1957679721028734,0.0986235448844453,-0.1420668473014761,-0.1207338640547161,0.2193824163809807,0.6768354792610122,-0.0434037981316802,0.7787967796390978,-0.2335418404114827,-0.899859126997928,0.4853219972016708,0.2665773080186763,20748.52,1
372184,-2.265035585580317,2.6745663725516184,-2.200852918632798,1.219254978000364,-2.703319070986092,-2.5486070051653575,-2.12242105289979,4.24309591356147,-1.1559091622038793,-1.2889456116693,1.205211676774834,-1.0955461213661597,0.6112802526835235,-1.0046108763334562,-0.0767951791390191,-1.273323873317638,-1.463175328511552,-1.4569807347200905,0.6533704922188959,1.399813034376459,0.5575435770601668,-1.4112907069625475,-0.9738858734777168,0.3065040409043671,2.615143448911985,-0.5166648479855205,1.9282992472558145,0.9769946124598696,15522.46,1
476144,-0.7143531322131288,0.269925797696718,-0.3227303523768433,-0.3097032481637422,0.118738962724285,0.3599067575006445,-0.3989261329339768,-1.068158149982084,0.2607597487865401,-0.1873518244113992,0.4953403670599161,-0.3458672246046447,-0.8436427768919809,-0.5752511149748847,-1.11380797057043,-0.3627549109388563,-0.4920893590226188,-0.185744500745427,-0.1956158572657495,-1.6238286558992965,1.768009072703357,-1.3392399485605229,0.1446670888219003,0.2167529186675411,0.2341943472990193,0.1483073857096328,0.1392457231450809,0.3384674610167762,12493.11,1
427149,-0.482942863211591,0.1698607450536653,-0.0985577247055807,0.3565481350651573,-0.6833029600792895,0.4636978349938712,0.1046955045562303,0.0657598282844667,-0.3677095117817295,-0.3851367746923195,0.3260994393099143,-0.3712369115986899,0.6069614059141298,-0.4530870398557969,2.223975721650061,-0.4585410928685119,-0.3491239359307527,-0.4166380218288738,0.0337355985610122,-0.2758390916255372,0.1037646417255054,0.5675212502960971,0.046295629215017,1.0681154046495511,-0.4802933923723119,-0.4953100536847411,0.0862848605903058,-0.1680775966983597,1018.64,1
306850,0.0121545873621192,0.2168337105291832,0.1092633653889611,0.200076191010886,0.4228518136139159,0.8948484767629203,0.0422256691939984,-1.1242033542671812,2.0411297752121476,0.5447003231094123,-0.4579594534457771,-0.3064638431259963,1.5374483374990724,0.2444617579855676,-1.1407221941680603,0.8757038333347994,1.592307098927132,1.2911378868626169,-0.8734167628817046,-1.297666223574568,1.4300459231935814,-1.4647844775220291,0.7620031334045876,-0.2052224181875949,-0.7352971154800303,-0.8994707955629146,-0.3184318698923232,-0.1892998590485542,11823.68,1
532866,-0.3011213774244403,-0.1291153627010738,0.3342479929830436,0.0744556548700606,-0.3905866156540643,0.521904022901329,0.4906419038549814,-0.0465969516892193,-0.1034933210178441,-0.1122105627573053,0.198120245740139,-0.0917890338598692,-0.0184257251459735,-0.1342101451710606,1.6790178118632144,-0.1368883770152628,-0.0891391437224606,-0.0902958219538211,-0.4031998776417678,-0.0072856282553943,0.0719549777206698,0.465249969467669,0.371696159722609,0.8203445498426765,-0.2276665149049063,-0.7553059218607631,0.0638838946699639,-0.0278418128617481,3274.53,1
462558,-0.2683524290062492,-0.1121610590965367,0.2071819048682049,-0.2947384181217789,-0.2085362517681679,0.5588083591752531,0.6678388440363147,-0.210766345375343,0.4071775412835862,0.1088894327528984,-0.2276129274023998,-0.1820843398417878,-0.2726641530118633,-0.0521141988307346,2.680927414256469,-0.4051407191868033,-0.0865596358896296,-0.1951648511261622,0.8780913359350909,0.0733078238115583,0.0157684964253143,0.1331109189483967,0.3115282483984924,-0.5138653723580366,-1.0775252385003988,-1.3492108574637272,-0.5884545356564183,0.1867136200463093,12531.01,1
370274,-0.931830093636,0.7931982354114159,-1.1666853156098862,1.3008078171034545,-1.1448541985152882,-1.7382409109961043,-1.4495185137540023,0.7584159083805765,-1.643803673595131,-1.8576984586799707,1.9360338883631376,-1.7420491015108268,0.577008009823242,-1.860025991085645,1.86666698635149,-2.0307998262534817,-2.1416960443983326,-2.05790023201022,2.5823079677530982,1.0377222294313115,0.6361330564268841,-0.100596882224475,0.1306112985160867,0.3797766766341649,-0.6888831214716923,1.1709997757534674,2.476617173530851,0.9425889587104328,1672.84,1
459240,-1.0981964089878609,0.6639077287806191,-0.8845478519625571,0.4460874201220323,-0.5852109230524549,-0.6115913338957831,-0.5899033466904595,0.1769421787874071,-0.5832945984991873,-0.6653080020770227,0.7586213872721523,-0.923396125786212,0.4059799715470012,-1.06720164441428,0.4329462234460965,-0.9489293386478868,-0.9801413887676574,-0.9231613914455118,0.4280932758925027,-1.07455560602039,0.5221724869623183,0.2393302126915013,0.1568872192525872,1.336315998738596,-0.002139819530515,0.5363722760015593,-1.8831031653304475,1.9366292520524864,7948.02,1
477632,-0.7452393997681972,-0.0599095149895092,-0.8171370368854087,0.2606674121902401,-0.2672355654968992,-1.3197064898817137,-0.2848470961500222,0.2245777440108478,-0.5544733885882166,-0.8497112091449852,0.5381245317333103,-0.8788447426553648,-0.8050600631801297,-0.9794177020965416,0.0059154094048317,-0.6273819954705783,-0.6947802524158643,-0.5748639626815631,-0.0899107824147704,0.1128436712223352,0.1514990787614553,-0.3169334781611077,-0.3631783341282261,-0.3569632086036715,-0.3849904734305425,1.4414635366443074,1.162310784987051,-0.7820187483346348,23666.62,1
383027,-0.307827173628686,0.1479899615176266,0.0784115736552437,0.3961386980020125,0.2583359729262305,-0.0362679266732551,0.0594813525178106,0.0227191586845782,-0.2550354722951607,-0.2616737093288358,-0.2929583729815841,-0.453396795840894,-0.4130029102835553,-0.6756462207907731,-1.1781219235790006,0.0027645253290247,-0.1907455985366575,-0.0148251699704287,-0.9311777419614288,-0.1053010944363374,-0.0209255715954046,-0.2681995066450581,-0.0979459050124134,-0.5702476474923724,0.1563782907691382,-0.1645331223799923,-0.130875382034173,-0.2245858626703399,17664.68,1
445182,0.0676511492544666,0.5750991143410957,-0.740115080821229,1.076905380658747,1.075726889304608,-0.95403693056155,0.1641369697371167,-0.0040468278011811,-1.0784088104071177,-0.5293565811064922,1.010604338908077,-0.6807719677085078,-0.8178007175136702,-1.2804263380763583,-0.5860610519826625,0.6727491810860595,0.6275990018808405,1.92004162420993,-1.318499532206857,0.1910410080003658,0.0101272205354748,-0.5129539106077147,-0.1008863255407845,-0.9333494714752334,-0.8284656355840927,0.1705345219220157,0.3717575008504406,0.618593400124887,17960.75,1
463806,-1.2887195199960493,1.2887863809762956,-1.3593988162427293,0.7403938138629831,-1.295269787882944,-1.62679436696221,-1.0144966311683912,1.4097614955428417,-0.6492258240242339,-0.9178767827445315,0.6010715540346353,-0.9914457071423184,-0.6634124315942259,-1.007726303403946,1.097464193736484,-0.902595529968396,-0.869570451806352,-0.8077837524128264,0.3263189062741003,0.6569453770642454,0.2507906068288981,-0.6774297604453517,0.0458907087751673,-0.0620559131631803,0.6627719078899544,-0.6259538919116803,1.3675690928386268,0.4924754815364018,22929.41,1
353795,0.2007613364047352,-1.117453839541178,0.1885399686783259,-0.1889823022965097,0.8131323303681713,0.5153479130103483,0.1550285634143496,-0.1833394650140087,0.3953960087434182,1.366549996808578,-0.0090277388181209,0.3903970555828789,-0.2432808088029465,0.128044317292697,0.2216096648581633,1.2682304692671398,0.7438801934891246,0.2161579658556637,0.299820100472962,-0.8840474078817467,-0.1060731126824507,1.0784625099342415,0.1122720111930378,0.3765976341193654,-0.5482896121007492,0.2425021736173405,-0.3989987813251394,0.4201576090870035,9383.41,1
477011,-0.1793417281967195,0.1467416957771031,-0.008062501963485,-0.0793941826089898,0.0601842030345949,-0.3944959174561573,-0.0159536525562453,-0.2406557325469085,-0.1465224387176166,-0.3017616912054777,0.709418301079386,-0.5309364104344807,-0.875400210404839,-0.6383729346533843,0.0265533399031412,-0.498098714499101,-0.6055034077974899,-0.3662642286103987,-0.4517441645749806,0.1243331530589704,0.2834934456011799,-0.0988833009406607,-0.2160210097527561,0.4095203765238358,0.1814868893886885,-0.8350861071799712,0.3804309294030197,-0.0266002679025408,10907.4,1
552436,-0.5716527059798119,-0.3087418957921305,-0.9624799058912544,1.5585703069744543,2.0417856412355397,-1.8754533787790777,-0.1083697351095667,-0.0316436171566558,-0.9415017990439724,-0.3330370234703627,1.3121229833885577,-0.7389611233314254,-0.8003446987738995,-1.3670826814795527,0.63470121911459,-0.0585148187358908,0.774387708834344,1.2309378252204617,-0.2691938579216805,-0.7181104704622325,-0.0363105758464942,0.4983106406286785,2.294988147868664,-0.8263283325131574,-0.3242785042019669,1.2633762344503334,0.3864890861205087,1.429308582669616,14276.54,1
392063,-0.3001808375878668,0.2739256303009724,-0.7498707915645725,0.8596340378963823,-0.7381294893130224,-0.3164715699821746,-0.4125970964869101,0.1692399083664959,-0.9454102590899324,-0.918000060522372,0.8827422563812637,-1.0641236324149963,0.6376384937476167,-1.0981844327101518,1.6033406403381698,-1.3216511856438982,-1.1773420996472463,-1.0854463804868957,1.7831339730245512,1.137428801179029,0.4249768647621202,0.8028774860383651,0.6597836153674671,1.719371019917484,-0.3527009069496726,0.5895873876323965,0.957726641138206,0.7131075747253535,7697.74,1
549941,0.9431945049687468,-0.0762872912732269,-0.0048942376177748,0.1316997107183456,0.580509051215275,-0.1720762054504597,0.5320801285040255,-0.1526532547261928,0.5402418770027485,-0.0416525145871845,0.1141346648864736,0.3565138313182734,-1.0848371973092978,-0.567884365698608,-0.0270774242696552,1.3915260836662156,2.4858969810739855,1.905158084121058,-0.9133876162459303,-0.2488128922986385,-0.2556432724515395,-0.7766467078406002,-0.1703794349623905,-0.370817908642803,1.037253224549858,-0.7906029456620012,-0.1377112764256431,0.1859140921648255,19784.78,1
317843,-1.0098794853463369,-1.2736675348420738,-0.5794100775749614,0.1357380521910083,0.0278392857864252,0.2271984926394061,-0.3971425369856967,0.3395180042312145,-0.3674662046377897,-0.6527158023386088,0.4670263647492551,-0.5410594083431447,-0.2062152366884371,-0.3226294951231605,0.3097898853894875,-0.9428784711055122,-0.8257930551883765,-0.9608356886925142,0.3158616847421429,0.0480715562204881,0.3494730976650597,1.015617421200822,-1.2432483765871811,-2.0526260950920134,-0.4991006688906991,0.1875772044906309,0.8417968682594108,-1.496253716416026,13047.45,1
